{"count":1,"self":2744.9698304,"total":6351.1003854,"children":{"InitializeActuators":{"count":30,"self":0.0030268,"total":0.0030268,"children":null},"InitializeSensors":{"count":30,"self":0.0025244,"total":0.0025244,"children":null},"AgentSendState":{"count":833851,"self":151.4831744,"total":692.911308,"children":{"CollectObservations":{"count":5003130,"self":464.8659968,"total":464.86601829999995,"children":null},"WriteActionMask":{"count":5003130,"self":2.4919952,"total":2.4919952,"children":null},"RequestDecision":{"count":5003130,"self":11.68024,"total":74.070123299999992,"children":{"AgentInfo.ToProto":{"count":5003130,"self":7.9999088,"total":62.389883299999994,"children":{"GenerateSensorData":{"count":5003130,"self":45.2591168,"total":54.3899743,"children":{"RayPerceptionSensor.Perceive":{"count":15009390,"self":9.1308592,"total":9.1308591,"children":null}}}}}}}}},"DecideAction":{"count":833851,"self":2862.6968576,"total":2862.6969498,"children":null},"AgentAct":{"count":833851,"self":50.435542399999996,"total":50.5167948,"children":{"AgentInfo.ToProto":{"count":4980,"self":0.013601499999999999,"total":0.0812521,"children":{"GenerateSensorData":{"count":4980,"self":0.055593899999999995,"total":0.067650599999999991,"children":{"RayPerceptionSensor.Perceive":{"count":14940,"self":0.0120567,"total":0.0120567,"children":null}}}}}}}},"gauges":{"Hummingbird.CumulativeReward":{"count":4980,"max":61.25262,"min":-11.5,"runningAverage":27.997221,"value":27.68061,"weightedAverage":34.6657066}},"metadata":{"timer_format_version":"0.1.0","start_time_seconds":"1741468353","unity_version":"6000.0.35f1","command_line_arguments":"C:\\Program Files\\Unity\\Hub\\Editor\\6000.0.35f1\\Editor\\Unity.exe -projectpath I:\\unity\\Hummingbirds MLAgent -useHub -hubIPC -cloudEnvironment production","communication_protocol_version":"1.5.0","com.unity.ml-agents_version":"3.0.0","scene_name":"Training","end_time_seconds":"1741474704"}}