{"count":1,"self":74.6945472,"total":75.5283206,"children":{"InitializeActuators":{"count":8,"self":0.0010034,"total":0.0010034,"children":null},"InitializeSensors":{"count":8,"self":0.0035345999999999997,"total":0.0035345999999999997,"children":null},"AgentSendState":{"count":3352,"self":0.2546026,"total":0.31104139999999997,"children":{"CollectObservations":{"count":5368,"self":0.0310685,"total":0.0310685,"children":null},"WriteActionMask":{"count":5368,"self":0.0025242999999999997,"total":0.0025242999999999997,"children":null},"RequestDecision":{"count":5368,"self":0.022845999999999998,"total":0.022845999999999998,"children":null}}},"DecideAction":{"count":3352,"self":0.35397029999999996,"total":0.4154036,"children":{"RayPerceptionSensor.Perceive":{"count":16104,"self":0.061433299999999996,"total":0.061433299999999996,"children":null}}},"AgentAct":{"count":3352,"self":0.10128039999999999,"total":0.10128039999999999,"children":null}},"gauges":{},"metadata":{"timer_format_version":"0.1.0","start_time_seconds":"1740846321","unity_version":"6000.0.35f1","command_line_arguments":"C:\\Program Files\\Unity\\Hub\\Editor\\6000.0.35f1\\Editor\\Unity.exe -projectpath I:\\unity\\Hummingbirds MLAgent -useHub -hubIPC -cloudEnvironment production","communication_protocol_version":"1.5.0","com.unity.ml-agents_version":"3.0.0","scene_name":"Training","end_time_seconds":"1740846397"}}